<?xml version="1.0"?>
<policy>
	<grant codebase="file:/D:/JaasExample/exampleActions.jar">
		<principal classname="com.ibm.resource.security.auth.PrincipalExample" 
				   name="users">
			<permission classname="com.ibm.resource.security.auth.ResourcePermission" 
			            name="com.ibm.resource.security.example.UserProfile"
			            actions="create" /> 
			<permission classname="com.ibm.resource.security.auth.ResourcePermission" 
			            name="com.ibm.resource.security.example.UserProfile"
			            actions="write,delete,read" 
						relationship="owner" />			            						
			<permission classname="com.ibm.resource.security.auth.ResourcePermission" 
			            name="com.ibm.resource.security.example.UserProfile"
			            actions="read" 
						relationship="janesManager" />			            									            
		</principal>
	</grant>
	
	<grant codebase="file:/D:/JaasExample/*">
		<principal classname="com.ibm.resource.security.auth.PrincipalExample" 
				   name="administrators">
			<permission classname="com.ibm.resource.security.auth.ResourcePermission" 
			            name="com.ibm.resource.security.example.UserProfile"
			            actions="create,delete,read,write,execute" /> 
		</principal>
	</grant>
</policy>